﻿{"cameraMode":{"drawMode":0,"name":"Shaded","section":"Shading Mode"},"sceneLighting":true,"audioPlay":false,"sceneViewState":{"m_AlwaysRefresh":false,"showFog":true,"showSkybox":true,"showFlares":true,"showImageEffects":true,"showParticleSystems":true,"showVisualEffectGraphs":true,"m_FxEnabled":true},"in2DMode":false,"pivot":{"x":8.446030616760254,"y":-1.5720906257629395,"z":9.989952087402344},"rotation":{"x":0.06162020564079285,"y":0.8924759030342102,"z":-0.12829959392547608,"w":0.4281367063522339},"size":9.986507415771485,"orthographic":false}