﻿{"cameraMode":{"drawMode":0,"name":"Shaded","section":"Shading Mode"},"sceneLighting":true,"audioPlay":false,"sceneViewState":{"m_AlwaysRefresh":false,"showFog":true,"showSkybox":true,"showFlares":true,"showImageEffects":true,"showParticleSystems":true,"showVisualEffectGraphs":true,"m_FxEnabled":true},"in2DMode":false,"pivot":{"x":20.28788185119629,"y":-4.432785987854004,"z":12.636612892150879},"rotation":{"x":-0.15881867706775666,"y":-0.33665671944618227,"z":0.05777700990438461,"w":-0.9263848662376404},"size":31.743165969848634,"orthographic":false}